Country,Abbreviation,High Population,Low Population ,High Land Area,Low Land Area,High Density,Low Density,Urban percentage,Rural percentage,Agricultural land,Armed Forces rank,Birth rate rank
Russia,RU,9,187,1,195,182,14,57,135,141,4,132
Canada,CA,39,157,2,194,189,7,30,162,159,57,147
United States,US,3,193,3,193,146,50,32,160,74,5,131
China,CN,1,195,4,192,59,137,93,99,44,2,136
Brazil,BR,6,190,5,191,156,40,24,168,101,8,119
Australia,AU,53,143,6,190,193,3,26,166,58,61,124
India,IN,2,194,7,189,19,177,157,35,33,1,97
Argentina,AR,31,165,8,188,175,21,10,182,49,52,104
Kazakhstan,KZ,63,133,9,187,185,11,101,91,3,58,70
Algeria,DZ,34,162,10,186,167,29,61,131,137,21,61
Democratic Republic of the Congo,CD,16,180,11,185,145,51,133,59,146,44,5
Saudi Arabia,SA,41,155,12,184,176,20,27,165,2,25,98
Mexico,MX,11,185,13,183,117,79,34,158,48,19,99
Indonesia,ID,4,192,14,182,62,134,108,84,107,9,94
Sudan,SD,35,161,15,181,161,35,155,37,114,47,34
Libya,LY,107,89,16,180,188,8,40,152,152,105,89
Iran,IR,19,177,17,179,130,66,54,138,115,11,90
Mongolia,MN,134,62,18,178,195,1,73,119,16,88,62
Peru,PE,43,153,19,177,154,42,45,147,136,37,95
Chad,TD,71,125,20,176,179,17,176,16,89,72,2
Niger,NE,56,140,21,175,166,30,187,5,96,95,1
Angola,AO,45,151,22,174,153,43,81,111,62,49,6
Mali,ML,59,137,23,173,177,19,137,55,102,88,4
South Africa,ZA,24,172,24,172,134,62,79,113,4,55,80
Colombia,CO,29,167,25,171,139,57,36,156,87,15,112
Ethiopia,ET,12,184,26,170,84,112,178,14,95,42,33
Bolivia,BO,79,117,27,169,181,15,68,124,98,58,71
Mauritania,MR,126,70,28,168,186,10,115,77,93,85,24
Egypt,EG,14,182,29,167,85,111,138,54,164,7,55
Tanzania,TZ,25,171,30,166,121,75,156,36,72,78,13
Nigeria,NG,7,189,31,165,46,150,123,69,6,29,11
Venezuela,VE,50,146,32,164,148,48,16,176,121,18,96
Namibia,,141,55,33,163,194,2,124,68,64,90,49
Mozambique,MZ,47,149,34,162,143,53,150,42,29,94,12
Pakistan,PK,5,191,35,161,33,163,147,45,59,6,50
Turkey,TR,17,179,36,160,77,119,52,140,55,14,108
Chile,CL,61,135,37,159,155,41,21,171,128,48,126
Zambia,ZM,64,132,38,158,159,37,134,58,106,90,16
Myanmar,MM,26,170,39,157,102,94,160,32,133,13,101
Afghanistan,AF,37,159,40,156,122,74,169,23,41,20,31
South Sudan,SS,83,113,41,155,170,26,180,12,71,34,21
France,FR,21,175,42,154,81,115,38,154,53,22,134
Somalia,SO,72,124,43,153,158,38,132,60,19,86,3
Central African Republic,CF,125,71,44,152,184,12,142,50,155,97,19
Ukraine,UA,32,164,45,151,108,88,69,123,15,23,159
Madagascar,MG,51,145,46,150,135,61,145,47,17,84,30
Botswana,BW,143,53,47,149,187,9,71,121,69,96,56
Kenya,KE,27,169,48,148,94,102,166,26,57,77,48
Yemen,YE,48,148,49,147,124,72,146,46,73,71,41
Thailand,TH,20,176,50,146,63,133,125,67,77,16,142
Spain,ES,30,166,51,145,91,105,39,153,52,32,164
Turkmenistan,TM,112,84,52,144,180,16,119,73,13,69,63
Cameroon,CM,52,144,53,143,125,71,104,88,129,82,18
Papua New Guinea,PG,98,98,54,142,164,32,190,2,167,101,53
Sweden,SE,87,109,55,141,162,34,20,172,157,76,133
Uzbekistan,UZ,42,154,56,140,106,90,126,66,30,59,66
Morocco,MA,40,156,57,139,99,97,88,104,22,26,88
Iraq,IQ,36,160,58,138,95,101,67,125,127,30,46
Paraguay,PY,103,93,59,137,169,27,91,101,45,79,78
Zimbabwe,ZW,73,123,60,136,144,52,158,34,83,63,40
Japan,JP,10,186,61,135,25,171,12,180,143,24,165
Germany,DE,18,178,62,134,42,154,50,142,60,35,153
Republic of the Congo,,118,78,63,133,178,18,77,115,109,93,29
Finland,FI,115,81,64,132,174,22,25,167,156,81,160
Vietnam,VN,15,181,65,131,31,165,148,44,91,12,105
Malaysia,MY,44,152,66,130,89,107,53,139,118,43,105
Norway,NO,119,77,67,129,173,23,31,161,166,83,141
Ivory Coast,CI,54,142,68,128,103,93,122,70,25,79,17
Poland,PL,38,158,69,127,69,127,94,98,65,33,145
Oman,OM,120,76,70,126,171,25,37,155,162,66,86
Italy,IT,23,173,71,125,52,144,66,126,78,17,166
Philippines,PH,13,183,72,124,24,172,130,62,84,39,79
Ecuador,EC,65,131,73,123,120,76,84,108,125,70,83
Burkina Faso,BF,58,138,74,122,107,89,162,30,75,94,10
New Zealand,NZ,124,72,75,121,168,28,19,173,86,96,128
Gabon,GA,144,52,76,120,183,13,14,178,131,98,37
Guinea,GN,74,122,77,119,129,67,151,41,37,92,14
United Kingdom,GB,22,174,78,118,32,164,28,164,15,40,135
Uganda,UG,33,163,79,117,54,142,172,20,14,67,9
Ghana,GH,46,150,80,116,68,128,110,82,21,90,45
Romania,RO,60,136,81,115,101,95,116,76,39,46,151
Laos,LA,102,94,82,114,149,47,154,38,150,45,65
Guyana,GY,160,36,83,113,190,6,168,24,153,102,81
Belarus,BY,94,102,84,112,136,60,44,148,82,38,149
Kyrgyzstan,KG,109,87,85,111,147,49,149,43,46,85,52
Senegal,SN,70,126,86,110,98,98,129,63,67,87,22
Syria,SY,67,129,87,109,92,104,114,78,9,27,64
Cambodia,KH,69,127,88,108,93,103,175,17,110,33,68
Uruguay,UY,132,64,89,107,163,33,6,186,1,84,121
Suriname,SR,165,31,90,106,191,5,82,110,170,103,91
Tunisia,TN,77,119,91,105,111,85,70,122,25,65,100
Bangladesh,BD,8,188,92,104,7,189,152,40,18,28,93
Nepal,NP,49,147,93,103,53,143,179,13,114,51,82
Tajikistan,TJ,95,101,94,102,115,81,167,25,100,89,39
Greece,GR,85,111,95,101,100,96,43,149,61,41,163
Nicaragua,NI,108,88,96,100,131,65,97,95,81,93,77
North Korea,KP,55,141,97,99,48,148,89,103,126,3,120
Malawi,MW,62,134,98,98,57,139,186,6,32,91,23
Eritrea,ER,111,85,99,97,126,70,183,9,10,31,42
Benin,BJ,76,120,100,96,80,116,128,64,103,93,15
Honduras,HN,93,103,101,95,97,99,100,92,113,83,72
Liberia,LR,123,73,102,94,138,58,120,72,116,103,28
Bulgaria,BG,104,92,103,93,119,77,55,137,66,75,157
Cuba,CU,81,115,104,92,83,113,51,141,35,56,146
Guatemala,GT,68,128,105,91,58,138,121,71,97,68,57
Iceland,IS,172,24,106,90,192,4,8,184,135,105,127
South Korea,KR,28,168,107,89,13,183,35,157,137,10,169
Hungary,HU,92,104,108,88,79,117,64,128,40,71,151
Portugal,PT,88,108,109,87,74,122,83,109,90,62,161
Jordan,JO,89,107,110,86,73,123,13,179,145,50,69
Azerbaijan,AZ,90,106,111,85,72,124,109,83,43,53,115
Austria,AT,97,99,112,84,78,118,98,94,104,85,150
United Arab Emirates,AE,91,105,113,83,71,125,23,169,161,60,143
Czech Republic,CZ,86,110,114,82,64,132,58,134,70,83,137
Serbia,RS,105,91,115,81,96,100,106,86,91,74,155
Panama,PA,127,69,116,80,123,73,75,117,112,80,87
Sierra Leone,SL,101,95,117,79,76,120,140,52,47,96,25
Republic of Ireland,,122,74,118,78,113,83,87,105,26,96,125
Georgia,GE,130,66,119,77,127,69,96,96,99,80,122
Sri Lanka,LK,57,139,120,76,26,170,182,10,76,21,109
Lithuania,LT,139,57,121,75,140,56,76,116,63,73,148
Latvia,LV,148,48,122,74,150,46,74,118,109,99,148
Togo,TG,100,96,123,73,61,135,141,51,20,95,27
Croatia,HR,129,67,124,72,109,87,102,90,117,88,156
Bosnia and Herzegovina,BA,133,63,125,71,116,80,127,65,79,94,162
Costa Rica,CR,121,75,126,70,88,108,41,151,99,95,117
Slovakia,SK,117,79,127,69,75,121,117,75,92,90,139
Dominican Republic,DO,84,112,128,68,44,152,33,159,56,58,84
Estonia,EE,153,43,129,67,151,45,72,120,124,99,136
Denmark,DK,113,83,130,66,65,131,17,175,31,91,139
Netherlands,NL,66,130,131,65,18,178,11,181,51,70,150
Switzerland,CH,99,97,132,64,50,146,59,133,94,85,148
Bhutan,BT,161,35,133,63,165,31,136,56,140,99,102
Guinea-Bissau,GW,147,49,134,62,128,68,135,57,42,101,20
Moldova,MD,140,56,135,61,104,92,139,53,11,98,147
Belgium,BE,80,116,136,60,23,173,3,189,73,74,144
Lesotho,LS,145,51,137,59,114,82,164,28,7,103,54
Armenia,AM,135,61,138,58,86,110,85,107,38,64,116
Solomon Islands,SB,162,34,139,57,160,36,173,19,163,1,32
Albania,AL,137,59,140,56,87,109,92,100,79,96,129
Equatorial Guinea,GQ,152,44,141,55,133,63,63,129,151,104,26
Burundi,BI,78,118,142,54,20,176,189,3,5,75,7
Haiti,HT,82,114,143,53,21,175,107,85,23,105,59
Rwanda,RW,75,121,144,52,15,181,185,7,12,72,36
North Macedonia,,149,47,145,51,112,84,95,97,1,1,1
Djibouti,DJ,157,39,146,50,141,55,47,145,12,92,73
Belize,BZ,170,26,147,49,172,24,131,61,158,103,76
El Salvador,SV,110,86,148,48,29,167,62,130,8,69,92
Israel,IL,96,100,149,47,17,179,9,183,120,36,75
Slovenia,SI,146,50,150,46,82,114,113,79,111,98,154
Fiji,FJ,158,38,151,45,132,64,105,87,123,101,74
Kuwait,KW,128,68,152,44,40,156,1,191,154,81,118
Eswatini,,156,40,153,43,118,78,165,27,1,1,1
East Timor,TL,131,65,154,42,41,155,191,1,119,103,44
The Bahamas,BS,171,25,155,41,152,44,29,163,168,104,117
Montenegro,ME,164,32,156,40,137,59,78,114,134,93,130
Vanuatu,VU,173,23,157,39,157,39,170,22,139,1,43
Qatar,QA,138,58,158,38,38,158,2,190,160,84,152
The Gambia,GM,142,54,159,37,49,147,90,102,36,104,8
Jamaica,JM,136,60,160,36,35,161,111,81,85,101,107
Lebanon,LB,106,90,161,35,10,186,15,177,27,55,101
Cyprus,CY,155,41,162,34,67,129,80,112,144,90,140
Brunei,BN,169,27,164,32,105,91,46,146,166,97,111
Trinidad and Tobago,TT,151,45,165,31,34,162,118,74,149,101,123
Cape Verde,CV,168,28,166,30,70,126,56,136,132,104,85
Samoa,WS,176,20,167,29,110,86,184,8,142,1,58
Luxembourg,LU,163,33,168,28,37,159,22,170,50,103,144
Comoros,KM,159,37,169,27,22,174,163,29,16,1,35
Mauritius,MU,154,42,170,26,11,185,143,49,80,102,145
São Tomé and Príncipe ,ST,175,21,171,25,43,153,60,132,54,104,38
Kiribati,KI,178,18,172,24,60,136,112,80,82,1,51
Bahrain,BH,150,46,173,23,3,193,4,188,147,87,116
Dominica,DM,186,10,174,22,90,106,65,127,103,1,127
Tonga,TO,182,14,175,21,66,130,174,18,68,1,60
Singapore,SG,114,82,176,20,2,194,1,191,169,54,158
Federated States of Micronesia,FM,179,17,177,19,56,140,177,15,108,1,67
Saint Lucia,LC,177,19,178,18,30,166,181,11,137,1,127
Andorra,AD,185,11,179,17,55,141,18,174,88,1,167
Palau,PW,192,4,180,16,142,54,42,150,148,1,115
Seychelles,SC,183,13,181,15,47,149,103,89,165,105,103
Antigua and Barbuda,AG,184,12,182,14,45,151,171,21,130,105,110
Barbados,BB,174,22,183,13,9,187,159,33,123,104,138
Saint Vincent and the Grenadines,VC,181,15,184,12,36,160,99,93,119,1,113
Grenada,GD,180,16,185,11,28,168,153,39,122,1,106
Malta,MT,167,29,186,10,6,190,7,185,104,103,155
Maldives,MV,166,30,187,9,5,191,144,48,118,100,114
Saint Kitts and Nevis,KN,188,8,188,8,51,145,161,31,124,1,124
Marshall Islands,MH,187,9,189,7,27,169,49,143,28,1,47
Liechtenstein,LI,190,6,190,6,39,157,188,4,105,1,149
San Marino,SM,191,5,191,5,12,184,5,187,138,1,168
Tuvalu,TV,193,3,192,4,16,180,86,106,34,1,1
Nauru,NR,194,2,193,3,14,182,1,191,131,1,1
Monaco,MC,189,7,194,2,1,195,1,191,171,1,170
Vatican City,VA,195,1,195,1,4,192,1,191,171,1,1
Palestine,PS,116,80,163,33,8,188,48,144,24,1,1